{
  "additionalStreams": {
    "RUS": -2.3000000000000007,
    "SAI": -2.5000000000000004,
    "LEC": -2.1999999999999997,
    "NOR": -3.1999999999999997,
    "OCO": -4.1,
    "ALO": -3.8,
    "HAM": -3.0999999999999996,
    "BOT": -3,
    "RIC": -3,
    "VER": -2.5,
    "PER": -3.5000000000000004,
    "ZHO": -3.9,
    "MAG": -2.8,
    "STR": -3.0000000000000004,
    "MSC": -3.0999999999999996,
    "TSU": -3.1999999999999997,
    "ALB": -2.500000000000001,
    "VET": -3.6,
    "LAT": -3.1000000000000005,
    "driver-tracker": -0.7999999999999999,
    "data-channel": -1.0999999999999996,
    "GAS": -4.699999999999999
  },
  "timestamp": 1687882653559
}
