{"additionalStreams":{"LEC":-0.6,"PER":-0.6,"HAM":-1.1,"SAI":-0.7999999999999999,"PIA":-1.6,"NOR":-0.5,"RUS":0,"VER":-0.7999999999999999,"driver-tracker":1.5999999999999999,"GAS":-1,"SAR":-1.4000000000000001,"ALO":-1.4000000000000001,"STR":-1.6,"MAG":-1.6,"DEV":-1.1,"TSU":0.1,"ALB":-1.3,"ZHO":0.4,"HUL":-0.30000000000000004,"OCO":-0.7000000000000001,"BOT":-0.7,"data-channel":2,"international":-4.9},"timestamp":1691706390303}
