{"additionalStreams":{"VER":0,"SAR":-1,"NOR":0.30000000000000004,"GAS":0.30000000000000004,"PER":-0.30000000000000004,"ALO":0.6,"LEC":0,"STR":0.4,"MAG":-0.4,"DEV":-0.2,"TSU":-0.5,"ALB":0.19999999999999998,"ZHO":0.1,"HAM":0,"SAI":-0.2,"RUS":0,"BOT":-0.2,"PIA":-0.6,"data-channel":0.30000000000000004,"driver-tracker":0.9,"OCO":-0.9,"HUL":-0.5,"international":-6.6},"timestamp":1691939129250}