{"additionalStreams":{"ALB":-2.6,"ALO":-0.7999999999999999,"BOT":-1.3,"LAW":-0.6,"GAS":-2,"HAM":-2,"HUL":-0.6,"LEC":-2.3000000000000003,"MAG":-2.1,"NOR":-1.4000000000000001,"OCO":-1.7000000000000002,"PER":-2.1,"PIA":-1.1,"RUS":-1.6,"SAI":-1,"SAR":-2.8000000000000003,"STR":-1.5,"TSU":-2.5,"VER":-1.4000000000000001,"ZHO":-1},"timestamp":1696706257830}