{"additionalStreams":{"VER":-1.4,"SAR":-1.3,"NOR":-2.5,"GAS":-2.3000000000000003,"PER":-2.4,"LEC":-2,"ALO":-2,"STR":-2.1,"MAG":-2.7,"DEV":-1.5,"TSU":-1,"ALB":-3,"ZHO":-1.4000000000000001,"HUL":-1.6,"OCO":-1.7,"HAM":-2.6,"SAI":-1.3,"RUS":-2,"BOT":-1.3,"PIA":-2.1,"driver-tracker":-0.5,"data-channel":-1.9000000000000001},"timestamp":1687903142653}