{"additionalStreams":{"data-channel":1.5999999999999999,"ALB":-1.2000000000000002,"NOR":-1.6,"TSU":-1.9000000000000001,"ALO":-2.1,"STR":-1.1,"HAM":-1.4000000000000001,"SAI":-0.6,"VER":-0.4,"BOT":-0.7999999999999999,"RIC":-1.7000000000000002,"GAS":-0.9,"LEC":-1.5,"MAG":-0.7999999999999999,"OCO":-0.30000000000000004,"PER":-1.6,"PIA":-1.3,"RUS":-1.2000000000000002,"SAR":-1.7000000000000002,"ZHO":-2.4,"driver-tracker":0.1,"HUL":-1.5,"international":-6.3},"timestamp":1691938266622}