{"additionalStreams":{"ALB":-2.9,"ALO":-1.2000000000000002,"DEV":-3.3000000000000003,"GAS":-1.7000000000000002,"HAM":-1.6,"HUL":-2.7,"LEC":-2.3000000000000003,"MAG":-3,"NOR":-0.7999999999999999,"OCO":-0.9,"PER":-1.4000000000000001,"PIA":-1.4000000000000001,"RUS":-1.3,"SAI":-2.5,"SAR":-1.5,"STR":-2.5,"TSU":-2.3000000000000003,"VER":-1,"ZHO":-0.9,"BOT":-2.1,"driver-tracker":0,"data-channel":-0.30000000000000004},"timestamp":1688836323549}