{
  "additionalStreams": {
    "VER": -3.3000000000000003,
    "RUS": -2.2,
    "HAM": -2.6999999999999997,
    "PER": -2.8999999999999995,
    "SAI": -3,
    "BOT": -2.6,
    "LEC": -2.2,
    "NOR": -3.3000000000000003,
    "ALO": -3.3000000000000003,
    "OCO": -2.9,
    "RIC": -2.4000000000000004,
    "ZHO": -3.099999999999999,
    "TSU": -2.5999999999999996,
    "GAS": -3.1,
    "MSC": -2.1,
    "VET": -3.3000000000000003,
    "ALB": -3.0000000000000004,
    "LAT": -3.6,
    "MAG": -2.4000000000000004,
    "STR": -2.7,
    "driver-tracker": -0.5,
    "data-channel": -0.9
  },
  "timestamp": 1687850041487
}