{
  "additionalStreams": {
    "LEC": -2.4000000000000004,
    "PER": -1.6,
    "HAM": -3.800000000000002,
    "SAI": -1.5000000000000004,
    "ALO": -2.0000000000000004,
    "NOR": -2.7,
    "GAS": -3.4000000000000004,
    "VER": -2.0000000000000004,
    "MAG": -2.8000000000000003,
    "TSU": -2.099999999999999,
    "STR": -3.2,
    "MSC": -1.6999999999999997,
    "VET": -2.6999999999999997,
    "ZHO": -3.6000000000000014,
    "BOT": -3.0000000000000004,
    "RIC": -1.4000000000000004,
    "OCO": -3.3000000000000003,
    "ALB": -1.5000000000000004,
    "LAT": -1.2999999999999994,
    "RUS": -3.500000000000001,
    "driver-tracker": -0.5,
    "data-channel": -0.9999999999999999
  },
  "timestamp": 1687867906276
}
