{"additionalStreams":{"VER":-1,"NOR":-2.2,"LEC":-1.8,"PIA":-1.8,"ALO":-2,"PER":-1.3,"HAM":-2.3000000000000003,"RUS":-1.2000000000000002,"ALB":-1.1,"BOT":-2.7,"RIC":-3.4,"GAS":-2,"MAG":-2,"HUL":-1.8,"OCO":-2.2,"SAI":-1.9000000000000001,"ZHO":-1.1,"TSU":-2.4,"STR":-1.7000000000000002,"SAR":-1.7000000000000002,"driver-tracker":0.7000000000000001,"data-channel":0.8,"international":-4.3999999999999995},"timestamp":1691938483376}