{
  "additionalStreams": {
    "VER": -2.0000000000000004,
    "LEC": -0.7999999999999999,
    "SAI": -2.0999999999999996,
    "HAM": -0.8999999999999999,
    "PER": -1.9000000000000004,
    "RUS": -1.1000000000000003,
    "NOR": -0.6,
    "MSC": -2.1,
    "TSU": -1.4,
    "STR": -1.0999999999999996,
    "GAS": -2.1999999999999997,
    "OCO": -0.9999999999999999,
    "ALO": -1.2000000000000002,
    "ZHO": -1.9,
    "ALB": -1.2000000000000002,
    "BOT": -1.4000000000000004,
    "RIC": -1.2000000000000002,
    "MAG": -1.1,
    "VET": -2.1999999999999997,
    "LAT": -2.0000000000000004,
    "driver-tracker": -0.7,
    "data-channel": 0.7999999999999997
  },
  "timestamp": 1687871895920
}
