{"additionalStreams":{"VER":-3.1,"SAI":-0.30000000000000004,"ALO":-0.4,"data-channel":1.9,"SAR":-0.6,"NOR":-0.5,"GAS":-1.6,"PER":-0.9,"LEC":-0.4,"STR":-0.9,"MAG":-2.1,"DEV":-1.5,"TSU":-1.6,"ALB":-0.9,"ZHO":0.19999999999999998,"HUL":-2.2,"OCO":-3.2,"HAM":-3.1,"RUS":-2.1,"BOT":-3.6,"PIA":-0.6,"driver-tracker":1.2,"international":-5.1},"timestamp":1691938772560}