{
  "timestamp": 1687798069975,
  "additionalStreams": {
    "PER": 0.4,
    "VER": 0,
    "BOT": -1.2000000000000002,
    "ALO": -1.2000000000000002,
    "HAM": -1.7000000000000002,
    "OCO": -0.5,
    "NOR": -1.4000000000000001,
    "RUS": -1.3,
    "SAI": -0.4,
    "HUL": 8.6,
    "ZHO": -1,
    "ALB": -1.3,
    "PIA": -1.6,
    "GAS": 0.30000000000000004,
    "SAR": 0.1,
    "STR": -0.2,
    "MAG": -1.1,
    "DEV": -1.7000000000000002,
    "TSU": -0.5,
    "data-channel": 3,
    "LEC": -0.4,
    "driver-tracker": 3.4
  }
}
