{
  "additionalStreams": {
    "VER": -2.1,
    "SAI": -2.9,
    "HAM": -2.6,
    "RUS": -3.3000000000000003,
    "STR": -2.5000000000000004,
    "NOR": -2.4000000000000004,
    "BOT": -2.5000000000000004,
    "ALB": -2.4,
    "PER": -2.1,
    "VET": -1.8000000000000003,
    "GAS": -2.3,
    "LEC": -2.8000000000000003,
    "MAG": -1.7999999999999998,
    "ALO": -1.7999999999999994,
    "RIC": -1.8000000000000003,
    "MSC": -1.6,
    "LAT": -1.9000000000000004,
    "ZHO": -3.0000000000000004,
    "TSU": -1.9,
    "OCO": -3.1000000000000014,
    "data-channel": -1.1,
    "driver-tracker": -0.1
  },
  "timestamp": 1687860999933
}
