{
  "additionalStreams": {
    "VER": -1.4000000000000004,
    "LEC": 10.100000000000001,
    "SAI": -0.9999999999999999,
    "PER": -0.7999999999999999,
    "OCO": -0.8999999999999999,
    "HAM": -1.1,
    "ALO": -1.2000000000000002,
    "RUS": -1.8000000000000003,
    "VET": -1.4000000000000001,
    "NOR": -2.4,
    "RIC": -1.3000000000000003,
    "BOT": -2.6,
    "TSU": -1.8000000000000003,
    "ZHO": -2,
    "MSC": -1.1999999999999997,
    "ALB": -1.5000000000000004,
    "MAG": -2.0000000000000004,
    "STR": -2.0000000000000004,
    "LAT": -1.3000000000000003,
    "GAS": -2.5,
    "driver-tracker": -0.6,
    "data-channel": -0.7
  },
  "timestamp": 1687861853548
}
