{"additionalStreams":{"VER":-0.4,"ALO":-2,"NOR":-1.7000000000000002,"SAR":-1.9000000000000001,"GAS":-1.1,"PER":-0.30000000000000004,"LEC":-0.5,"STR":-1.9000000000000001,"TSU":-1,"ALB":-0.5,"ZHO":-0.6,"HUL":-0.5,"OCO":-0.7999999999999999,"HAM":-0.2,"SAI":-0.2,"RUS":-1.8,"BOT":-1.6,"PIA":-0.7,"MAG":-1,"DEV":-2,"driver-tracker":2,"data-channel":1.9,"international":-7.3999999999999995},"timestamp":1691938702097}