{"additionalStreams":{"VER":-0.9,"SAR":0.30000000000000004,"NOR":-1,"GAS":0.4,"PER":0.19999999999999998,"ALO":-0.4,"LEC":-0.7,"STR":-1.1,"MAG":0.4,"DEV":-0.5,"TSU":-1.1,"ALB":0.5,"ZHO":0.9,"HUL":-1.2000000000000002,"OCO":-1.1,"HAM":-0.1,"SAI":-0.1,"RUS":0.6,"BOT":-1.3,"PIA":0.30000000000000004,"driver-tracker":4.6000000000000005,"data-channel":3.6},"timestamp":1687905038954}