{"additionalStreams":{"VER":-2,"SAR":-2.8000000000000003,"NOR":-2.5,"GAS":-1.6,"PER":-2.7,"ALO":-3.3000000000000003,"LEC":-2.6,"STR":-1.9000000000000001,"MAG":-2.7,"DEV":-1.8,"TSU":-3.1,"ALB":-1.4,"ZHO":-1.5,"HUL":-2.4,"OCO":-2.5,"HAM":-2.5,"SAI":-2.4,"RUS":-3.3000000000000003,"BOT":-1.6,"PIA":-2.4,"driver-tracker":1.8,"data-channel":2.4},"timestamp":1687816327916}