{"additionalStreams":{"ALB":-1.1,"ALO":0.4,"BOT":-1.2000000000000002,"DEV":-1.3,"GAS":-0.5,"HAM":-1,"HUL":0,"LEC":-0.9,"MAG":-2.8000000000000003,"NOR":0.1,"PER":-0.5,"PIA":0.19999999999999998,"RUS":-1.2000000000000002,"SAI":-2.2,"STR":-0.6,"TSU":-2.3000000000000003,"VER":-1.4000000000000001,"ZHO":-1.3,"driver-tracker":1.3,"data-channel":2.4,"OCO":-1.3},"timestamp":1688837002846}