{
  "additionalStreams": {
    "LEC": -0.9999999999999999,
    "RUS": -1.3000000000000003,
    "NOR": -1.1,
    "RIC": -1.2000000000000002,
    "GAS": -1.7000000000000002,
    "ALO": -1.9000000000000004,
    "VER": -2.0999999999999996,
    "DEV": -0.7999999999999999,
    "ZHO": -2.0999999999999996,
    "LAT": -1.7000000000000002,
    "VET": -2.3,
    "STR": -2.1,
    "PER": -1.9000000000000004,
    "OCO": -2.5999999999999996,
    "BOT": -2.8,
    "MAG": -0.7999999999999999,
    "SAI": -1.2999999999999998,
    "HAM": -1.6,
    "TSU": -2.2000000000000006,
    "driver-tracker": -0.6,
    "data-channel": 0.8999999999999999
  },
  "timestamp": 1687868396213
}
