{
  "additionalStreams": {
    "VER": -1.3,
    "PER": -1.9000000000000004,
    "LEC": -0.5,
    "SAI": -2,
    "HAM": -0.9999999999999999,
    "RUS": -2.2,
    "NOR": -1.7000000000000002,
    "OCO": -1.2000000000000002,
    "VET": -1.6,
    "ALO": -0.8999999999999999,
    "TSU": -1.3000000000000003,
    "MSC": -1.1,
    "RIC": -1.4,
    "STR": -2.6999999999999997,
    "ZHO": -1.4000000000000004,
    "MAG": -1.8000000000000003,
    "GAS": -1.6,
    "BOT": -1.9000000000000004,
    "LAT": -2.4,
    "ALB": -0.8999999999999999,
    "data-channel": -0.9999999999999999,
    "driver-tracker": 0.49999999999999967
  },
  "timestamp": 1687850041487
}
