{"additionalStreams":{"VER":-0.6,"SAR":-0.7,"NOR":-1.2000000000000002,"GAS":-0.1,"PER":-0.6,"ALO":-0.1,"LEC":-2.2,"STR":-0.2,"MAG":-1.6,"DEV":-0.7999999999999999,"TSU":-1.9000000000000001,"ALB":-1.5,"ZHO":-1.8,"HUL":-0.2,"OCO":-0.5,"HAM":-1.8,"SAI":-1.6,"RUS":-0.4,"BOT":-1.4000000000000001,"PIA":-2,"data-channel":4.300000000000001,"driver-tracker":2.9,"international":-8},"timestamp":1691939362427}