{
  "additionalStreams": {
    "SAI": -2.4,
    "VER": -2.8000000000000003,
    "PER": -4.100000000000001,
    "ALO": -3.5000000000000004,
    "HAM": -2.8000000000000003,
    "RUS": -3.7,
    "ALB": -3.5000000000000004,
    "RIC": -3.7,
    "STR": -2.2,
    "VET": -3.6,
    "LAT": -3.1000000000000005,
    "MAG": -3.1,
    "BOT": -3.4000000000000004,
    "LEC": -3.2,
    "OCO": -3.6,
    "NOR": -4.199999999999999,
    "ZHO": -4,
    "MSC": -3.4000000000000004,
    "GAS": -2.5,
    "TSU": -4.600000000000001,
    "driver-tracker": -1.5000000000000004,
    "data-channel": -1.1
  },
  "timestamp": 1687882156094
}
