{
  "additionalStreams": {
    "RUS": -2.2,
    "HAM": -1.5000000000000004,
    "VER": -2.4999999999999996,
    "PER": -2.0000000000000004,
    "LEC": -1.2999999999999998,
    "NOR": -2.8,
    "SAI": -1.2000000000000002,
    "MAG": -2.1000000000000005,
    "VET": -1.5000000000000004,
    "GAS": -1.6,
    "RIC": -1.5999999999999996,
    "MSC": -2.1999999999999993,
    "ZHO": -1.3000000000000003,
    "BOT": -2.7,
    "STR": -1.9999999999999996,
    "OCO": -2.5,
    "ALO": -2.9999999999999996,
    "LAT": -3.2999999999999994,
    "ALB": -1.1,
    "TSU": -3.6,
    "data-channel": -0.19999999999999893,
    "driver-tracker": -0.5
  },
  "timestamp": 1687850041487
}