{"additionalStreams":{"VER":-8.6,"SAR":-3.2,"NOR":-4.5,"GAS":-1.1,"ALO":-2.9,"LEC":-7.6,"STR":-0.7,"MAG":-1.7000000000000002,"DEV":-4.699999999999999,"TSU":-7.1,"ALB":-0.7,"ZHO":-0.6,"HUL":-7,"OCO":-7,"HAM":-0.4,"SAI":-1.7000000000000002,"RUS":-2.8000000000000003,"PIA":-1.4000000000000001,"data-channel":0.7000000000000001,"driver-tracker":0.9,"BOT":-7.699999999999999,"PER":-4},"timestamp":1687904267208}